993,静音,https://www.bilibili.com/bangumi/play/ss31132?theme=movie,2019年12月25日上映
995,带路人,https://www.bilibili.com/bangumi/play/ss31133?theme=movie,2019年12月27日上映
1421,小麻姑娘,https://www.bilibili.com/bangumi/play/ss31847?theme=movie,2020年1月1日上映
1491,信号,https://www.bilibili.com/bangumi/play/ss32010?theme=movie,2020年1月13日上映
1493,不孤独的路,https://www.bilibili.com/bangumi/play/ss32011?theme=movie,2020年1月15日上映
1495,去看火车,https://www.bilibili.com/bangumi/play/ss32012?theme=movie,2020年1月17日上映
1496,母鸡,https://www.bilibili.com/bangumi/play/ss32013?theme=movie,2020年1月19日上映
2779,谢谢小花猫,https://www.bilibili.com/bangumi/play/ss39906?theme=movie,1950年1月1日上映
2782,金色的海螺,https://www.bilibili.com/bangumi/play/ss39919?theme=movie,1963年1月1日上映
2789,好朋友,https://www.bilibili.com/bangumi/play/ss39933?theme=movie,1954年1月1日上映
2790,夸口的青蛙,https://www.bilibili.com/bangumi/play/ss39935?theme=movie,1954年1月1日上映
2793,长发妹,https://www.bilibili.com/bangumi/play/ss39939?theme=movie,1963年1月1日上映
2794,湖上歌舞,https://www.bilibili.com/bangumi/play/ss39938?theme=movie,1964年1月1日上映
2808,云端城堡,https://www.bilibili.com/bangumi/play/ss39997?theme=movie,2020年1月1日上映
2811,超真实,https://www.bilibili.com/bangumi/play/ss39987?theme=movie,2016年5月16日上映
2812,标签,https://www.bilibili.com/bangumi/play/ss39984?theme=movie,2019年1月1日上映
2834,三和一梦,https://www.bilibili.com/bangumi/play/ss40262?theme=movie,2021年12月1日上映
2837,笔底烟花,https://www.bilibili.com/bangumi/play/ss40265?theme=movie,2021年12月1日上映
2838,拉布机,https://www.bilibili.com/bangumi/play/ss40266?theme=movie,2021年12月1日上映
2841,嘎小子,https://www.bilibili.com/bangumi/play/ss40263?theme=movie,2021年12月1日上映
2842,常州北,https://www.bilibili.com/bangumi/play/ss40267?theme=movie,2021年12月1日上映
2846,巡航者,https://www.bilibili.com/bangumi/play/ss40416?theme=movie,2021年12月1日上映
2847,抓周,https://www.bilibili.com/bangumi/play/ss40415?theme=movie,2021年12月1日上映
2850,纸房子,https://www.bilibili.com/bangumi/play/ss40412?theme=movie,2021年12月1日上映
2852,十六毫米，十六千里,https://www.bilibili.com/bangumi/play/ss40270?theme=movie,2021年12月1日上映
2856,黑洞,https://www.bilibili.com/bangumi/play/ss40300?theme=movie,2021年12月1日上映
2858,钻戒,https://www.bilibili.com/bangumi/play/ss40306?theme=movie,2021年12月1日上映
2860,如若再见,https://www.bilibili.com/bangumi/play/ss40316?theme=movie,2021年12月1日上映
2861,漂流,https://www.bilibili.com/bangumi/play/ss40310?theme=movie,2021年12月1日上映
2864,边境线,https://www.bilibili.com/bangumi/play/ss40311?theme=movie,2021年12月1日上映
2879,卡冈图雅,https://www.bilibili.com/bangumi/play/ss40545?theme=movie,2021年12月24日上映
2880,就这样，彗星撞上了地球,https://www.bilibili.com/bangumi/play/ss40544?theme=movie,2021年12月24日上映
2892,她已失去,https://www.bilibili.com/bangumi/play/ss40582?theme=movie,2021年12月1日上映
2911,走神,https://www.bilibili.com/bangumi/play/ss40781?theme=movie,2021年12月1日上映
2924,康苑巷33号,https://www.bilibili.com/bangumi/play/ss41019?theme=movie,2021年1月1日上映
2934,短暂停留,https://www.bilibili.com/bangumi/play/ss41043?theme=movie,2019年1月1日上映
2939,情感的哺乳动物,https://www.bilibili.com/bangumi/play/ss41071?theme=movie,2021年1月1日上映
2943,生日快乐,https://www.bilibili.com/bangumi/play/ss41075?theme=movie,2022年1月1日上映
2946,向前一步,https://www.bilibili.com/bangumi/play/ss41082?theme=movie,2021年1月1日上映
2950,我先说句公道话,https://www.bilibili.com/bangumi/play/ss41083?theme=movie,2022年1月1日上映
2953,重逢,https://www.bilibili.com/bangumi/play/ss41103?theme=movie,2021年1月1日上映
2959,驶离长夜,https://www.bilibili.com/bangumi/play/ss41122?theme=movie,2022年1月1日上映
2961,野林,https://www.bilibili.com/bangumi/play/ss41141?theme=movie,2021年1月1日上映
2963,春雨过境,https://www.bilibili.com/bangumi/play/ss41154?theme=movie,2021年1月1日上映
2967,小树和她的影子,https://www.bilibili.com/bangumi/play/ss41165?theme=movie,2021年1月1日上映
2968,举目凝望,https://www.bilibili.com/bangumi/play/ss41164?theme=movie,2021年1月1日上映
2969,姐姐·弟弟,https://www.bilibili.com/bangumi/play/ss41166?theme=movie,2021年1月1日上映
2970,天井里的年,https://www.bilibili.com/bangumi/play/ss41149?theme=movie,2022年1月1日上映
2977,门开九重,https://www.bilibili.com/bangumi/play/ss41188?theme=movie,2021年12月28日上映
2990,黎明前的约会,https://www.bilibili.com/bangumi/play/ss41196?theme=movie,2021年1月1日上映
2992,塑料方舟,https://www.bilibili.com/bangumi/play/ss41155?theme=movie,2022年1月1日上映
2998,纪念日,https://www.bilibili.com/bangumi/play/ss41211?theme=movie,2021年1月1日上映
2999,我是，你会歧视我吗？,https://www.bilibili.com/bangumi/play/ss41212?theme=movie,2021年1月1日上映
3001,冬至,https://www.bilibili.com/bangumi/play/ss41217?theme=movie,2021年1月1日上映
3002,二围马,https://www.bilibili.com/bangumi/play/ss41157?theme=movie,2022年1月1日上映
3007,不要开始这场比赛,https://www.bilibili.com/bangumi/play/ss41226?theme=movie,2021年1月1日上映
3009,78初恋,https://www.bilibili.com/bangumi/play/ss41158?theme=movie,2022年1月1日上映
3013,坐佛,https://www.bilibili.com/bangumi/play/ss41243?theme=movie,2021年1月1日上映
3019,孤独星球,https://www.bilibili.com/bangumi/play/ss41252?theme=movie,2021年1月1日上映
3022,太阳底下,https://www.bilibili.com/bangumi/play/ss41259?theme=movie,2021年1月1日上映
3024,寂静,https://www.bilibili.com/bangumi/play/ss41266?theme=movie,2021年1月1日上映
3028,太祐,https://www.bilibili.com/bangumi/play/ss41279?theme=movie,2021年1月1日上映
3036,千金,https://www.bilibili.com/bangumi/play/ss41299?theme=movie,2021年1月1日上映
3044,宠物情人,https://www.bilibili.com/bangumi/play/ss41329?theme=movie,2022年1月1日上映
3048,界,https://www.bilibili.com/bangumi/play/ss41338?theme=movie,2022年1月1日上映
3050,今夜今夜多烦忧,https://www.bilibili.com/bangumi/play/ss41344?theme=movie,2022年1月1日上映
3057,余健的想法,https://www.bilibili.com/bangumi/play/ss41362?theme=movie,2022年1月1日上映
3060,我身体里有棵玉米,https://www.bilibili.com/bangumi/play/ss41370?theme=movie,2022年1月1日上映
3063,小扬纪年,https://www.bilibili.com/bangumi/play/ss41381?theme=movie,2022年1月1日上映
3066,於我归兮,https://www.bilibili.com/bangumi/play/ss41382?theme=movie,2022年1月1日上映
3070,不狂想曲,https://www.bilibili.com/bangumi/play/ss41394?theme=movie,2022年1月1日上映
3082,逐影猎手,https://www.bilibili.com/bangumi/play/ss41455?theme=movie,2022年1月1日上映
3085,日出后日落,https://www.bilibili.com/bangumi/play/ss41457?theme=movie,2022年1月1日上映
3087,阿芙洛狄忒,https://www.bilibili.com/bangumi/play/ss41468?theme=movie,2022年1月1日上映
3091,拆散的花瓣,https://www.bilibili.com/bangumi/play/ss41504?theme=movie,2022年1月1日上映
3093,快了,https://www.bilibili.com/bangumi/play/ss41513?theme=movie,2022年1月1日上映
3111,春水,https://www.bilibili.com/bangumi/play/ss41583?theme=movie,2022年1月1日上映
3115,自由之路,https://www.bilibili.com/bangumi/play/ss41588?theme=movie,2022年1月1日上映
3127,野游,https://www.bilibili.com/bangumi/play/ss41625?theme=movie,2022年1月1日上映
3153,彭山消暑记,https://www.bilibili.com/bangumi/play/ss41700?theme=movie,2022年1月1日上映
3178,沉重塑料,https://www.bilibili.com/bangumi/play/ss41785?theme=movie,2022年5月13日上映
3179,三伏天,https://www.bilibili.com/bangumi/play/ss41784?theme=movie,2022年5月13日上映
3180,求我的心理阴影面积,https://www.bilibili.com/bangumi/play/ss41783?theme=movie,2022年5月13日上映
3227,追,https://www.bilibili.com/bangumi/play/ss41895?theme=movie,2022年5月31日上映
3240,自生塔,https://www.bilibili.com/bangumi/play/ss41813?theme=movie,2022年5月19日上映
3241,二月十四,https://www.bilibili.com/bangumi/play/ss41812?theme=movie,2022年5月19日上映
3242,二月十三,https://www.bilibili.com/bangumi/play/ss41811?theme=movie,2022年5月19日上映
3243,二月十一日,https://www.bilibili.com/bangumi/play/ss41810?theme=movie,2022年5月19日上映
3244,二月三十日,https://www.bilibili.com/bangumi/play/ss41809?theme=movie,2022年5月19日上映
3245,二月二十二日,https://www.bilibili.com/bangumi/play/ss41807?theme=movie,2022年5月19日上映
3246,二月四日,https://www.bilibili.com/bangumi/play/ss41806?theme=movie,2022年5月19日上映
3248,二月七日,https://www.bilibili.com/bangumi/play/ss41799?theme=movie,2022年5月19日上映
3251,你好，妈妈,https://www.bilibili.com/bangumi/play/ss41823?theme=movie,2022年5月19日上映
3252,熊猫少年,https://www.bilibili.com/bangumi/play/ss41822?theme=movie,2022年5月19日上映
3253,橄榄球之夜,https://www.bilibili.com/bangumi/play/ss41820?theme=movie,2022年5月19日上映
3255,厨子问号英雄？,https://www.bilibili.com/bangumi/play/ss41818?theme=movie,2022年5月19日上映
3256,少年残像,https://www.bilibili.com/bangumi/play/ss41817?theme=movie,2022年5月19日上映
3257,昨天,https://www.bilibili.com/bangumi/play/ss41816?theme=movie,2022年5月19日上映
3259,上场,https://www.bilibili.com/bangumi/play/ss41814?theme=movie,2022年5月19日上映
3356,在鲸鱼里游泳,https://www.bilibili.com/bangumi/play/ss42340?theme=movie,2022年7月28日上映
3358,再见英州,https://www.bilibili.com/bangumi/play/ss42338?theme=movie,2022年7月28日上映
3359,拾棉花,https://www.bilibili.com/bangumi/play/ss42337?theme=movie,2022年7月28日上映
3360,盲女与花猫,https://www.bilibili.com/bangumi/play/ss42334?theme=movie,2022年7月28日上映
3361,宇宙晚安,https://www.bilibili.com/bangumi/play/ss42336?theme=movie,2022年7月28日上映
3362,莫须有,https://www.bilibili.com/bangumi/play/ss42335?theme=movie,2022年7月28日上映
3363,那晚十点的事,https://www.bilibili.com/bangumi/play/ss42333?theme=movie,2022年7月28日上映
3364,北戴河,https://www.bilibili.com/bangumi/play/ss42332?theme=movie,2022年7月28日上映
3365,休眠火山,https://www.bilibili.com/bangumi/play/ss42330?theme=movie,2022年7月28日上映
3376,守神,https://www.bilibili.com/bangumi/play/ss42425?theme=movie,2022年8月4日上映
3377,这一次怪兽赢了,https://www.bilibili.com/bangumi/play/ss42423?theme=movie,2022年8月4日上映
3378,出大事啦,https://www.bilibili.com/bangumi/play/ss42421?theme=movie,2022年8月4日上映
3379,云之子,https://www.bilibili.com/bangumi/play/ss42420?theme=movie,2022年8月4日上映
3380,白马,https://www.bilibili.com/bangumi/play/ss42418?theme=movie,2022年8月4日上映
3381,太阳花,https://www.bilibili.com/bangumi/play/ss42412?theme=movie,2022年8月4日上映
3382,我爸是网红,https://www.bilibili.com/bangumi/play/ss42496?theme=movie,2022年8月4日上映
3383,棕色夜晚,https://www.bilibili.com/bangumi/play/ss42488?theme=movie,2022年8月4日上映
3384,绝生余味,https://www.bilibili.com/bangumi/play/ss42458?theme=movie,2022年8月4日上映
3385,药,https://www.bilibili.com/bangumi/play/ss42455?theme=movie,2022年8月4日上映
3386,金海岸大舞台,https://www.bilibili.com/bangumi/play/ss42454?theme=movie,2022年8月4日上映
3387,戏,https://www.bilibili.com/bangumi/play/ss42445?theme=movie,2022年8月4日上映
3388,简丹的摇滚计划,https://www.bilibili.com/bangumi/play/ss42442?theme=movie,2022年8月4日上映
3389,可尔必思,https://www.bilibili.com/bangumi/play/ss42436?theme=movie,2022年8月4日上映
3390,溺水的鱼,https://www.bilibili.com/bangumi/play/ss42495?theme=movie,2022年8月4日上映
3391,我可不可以不是你的全部,https://www.bilibili.com/bangumi/play/ss42493?theme=movie,2022年8月4日上映
3392,向南流,https://www.bilibili.com/bangumi/play/ss42491?theme=movie,2022年8月4日上映
3394,爷爷的冬天,https://www.bilibili.com/bangumi/play/ss42464?theme=movie,2022年8月4日上映
3395,日尔脚山的罗德清,https://www.bilibili.com/bangumi/play/ss42463?theme=movie,2022年8月4日上映
3396,叔叔的Rock一夏！,https://www.bilibili.com/bangumi/play/ss42462?theme=movie,2022年8月4日上映
3397,结果,https://www.bilibili.com/bangumi/play/ss42460?theme=movie,2022年8月4日上映
3398,阿兰的日记,https://www.bilibili.com/bangumi/play/ss42452?theme=movie,2022年8月4日上映
3399,一件小事,https://www.bilibili.com/bangumi/play/ss42450?theme=movie,2022年8月4日上映
3400,如歌之恋,https://www.bilibili.com/bangumi/play/ss42438?theme=movie,2022年8月4日上映
3401,地球居民,https://www.bilibili.com/bangumi/play/ss42431?theme=movie,2022年8月4日上映
3402,开智的公园,https://www.bilibili.com/bangumi/play/ss42475?theme=movie,2022年8月4日上映
3403,腐烂艺术,https://www.bilibili.com/bangumi/play/ss42471?theme=movie,2022年8月4日上映
3404,网络80,https://www.bilibili.com/bangumi/play/ss42470?theme=movie,2022年8月4日上映
3405,少年“橄”梦,https://www.bilibili.com/bangumi/play/ss42466?theme=movie,2022年8月4日上映
3406,西行,https://www.bilibili.com/bangumi/play/ss42457?theme=movie,2022年8月4日上映
3407,信息洞,https://www.bilibili.com/bangumi/play/ss42433?theme=movie,2022年8月4日上映
3408,阿尼玛,https://www.bilibili.com/bangumi/play/ss42428?theme=movie,2022年8月4日上映
3411,延长冷水江,https://www.bilibili.com/bangumi/play/ss42489?theme=movie,2022年8月4日上映
3412,黑洞,https://www.bilibili.com/bangumi/play/ss42482?theme=movie,2022年8月4日上映
3413,嗨海,https://www.bilibili.com/bangumi/play/ss42480?theme=movie,2022年8月4日上映
3414,贺公堂,https://www.bilibili.com/bangumi/play/ss42479?theme=movie,2022年8月4日上映
3415,兔子凌波微步,https://www.bilibili.com/bangumi/play/ss42477?theme=movie,2022年8月4日上映
3416,寻找李想,https://www.bilibili.com/bangumi/play/ss42468?theme=movie,2022年8月4日上映
3417,都市报,https://www.bilibili.com/bangumi/play/ss42440?theme=movie,2022年8月4日上映
3418,亲密修辞,https://www.bilibili.com/bangumi/play/ss42419?theme=movie,2022年8月4日上映
3419,蓝色沙洲,https://www.bilibili.com/bangumi/play/ss42465?theme=movie,2022年8月4日上映
3420,天之限,https://www.bilibili.com/bangumi/play/ss42459?theme=movie,2022年8月4日上映
3432,大多,https://www.bilibili.com/bangumi/play/ss42580?theme=movie,2022年8月11日上映
3433,穴居动物,https://www.bilibili.com/bangumi/play/ss42579?theme=movie,2022年8月11日上映
3434,翳珀,https://www.bilibili.com/bangumi/play/ss42578?theme=movie,2022年8月11日上映
3435,归元,https://www.bilibili.com/bangumi/play/ss42577?theme=movie,2022年8月11日上映
3436,海底公园,https://www.bilibili.com/bangumi/play/ss42576?theme=movie,2022年8月11日上映
3437,白垩纪企划,https://www.bilibili.com/bangumi/play/ss42575?theme=movie,2022年8月11日上映
3438,结,https://www.bilibili.com/bangumi/play/ss42573?theme=movie,2022年8月11日上映
3439,where to,https://www.bilibili.com/bangumi/play/ss42572?theme=movie,2022年8月11日上映
3440,永恒,https://www.bilibili.com/bangumi/play/ss42547?theme=movie,2022年8月11日上映
3441,坠入虚空,https://www.bilibili.com/bangumi/play/ss42546?theme=movie,2022年8月11日上映
3442,港梦,https://www.bilibili.com/bangumi/play/ss42544?theme=movie,2022年8月11日上映
3443,须菩提,https://www.bilibili.com/bangumi/play/ss42626?theme=movie,2022年8月11日上映
3444,彼岸一片深蓝,https://www.bilibili.com/bangumi/play/ss42622?theme=movie,2022年8月11日上映
3445,春“劫”,https://www.bilibili.com/bangumi/play/ss42558?theme=movie,2022年8月11日上映
3446,七月半,https://www.bilibili.com/bangumi/play/ss42557?theme=movie,2022年8月11日上映
3447,他和她的它,https://www.bilibili.com/bangumi/play/ss42554?theme=movie,2022年8月11日上映
3448,“镜”观百年,https://www.bilibili.com/bangumi/play/ss42553?theme=movie,2022年8月11日上映
3449,十七公里,https://www.bilibili.com/bangumi/play/ss42552?theme=movie,2022年8月11日上映
3450,新年快乐,https://www.bilibili.com/bangumi/play/ss42551?theme=movie,2022年8月11日上映
3451,巴蜀棋痴,https://www.bilibili.com/bangumi/play/ss42550?theme=movie,2022年8月11日上映
3452,风吹芫茜,https://www.bilibili.com/bangumi/play/ss42549?theme=movie,2022年8月11日上映
3453,二后生,https://www.bilibili.com/bangumi/play/ss42548?theme=movie,2022年8月11日上映
3454,十四行消亡诗,https://www.bilibili.com/bangumi/play/ss42631?theme=movie,2022年8月11日上映
3455,遗落彼岸,https://www.bilibili.com/bangumi/play/ss42583?theme=movie,2022年8月11日上映
3456,pity party,https://www.bilibili.com/bangumi/play/ss42582?theme=movie,2022年8月11日上映
3457,春夏秋冬,https://www.bilibili.com/bangumi/play/ss42566?theme=movie,2022年8月11日上映
3458,树下,https://www.bilibili.com/bangumi/play/ss42565?theme=movie,2022年8月11日上映
3459,幼儿园,https://www.bilibili.com/bangumi/play/ss42564?theme=movie,2022年8月11日上映
3460,南越别,https://www.bilibili.com/bangumi/play/ss42563?theme=movie,2022年8月11日上映
3461,桃花源记,https://www.bilibili.com/bangumi/play/ss42560?theme=movie,2022年8月11日上映
3462,人之初,https://www.bilibili.com/bangumi/play/ss42559?theme=movie,2022年8月11日上映
3463,梦域,https://www.bilibili.com/bangumi/play/ss42636?theme=movie,2022年8月11日上映
3464,小偷玫瑰,https://www.bilibili.com/bangumi/play/ss42635?theme=movie,2022年8月11日上映
3465,梦飞天,https://www.bilibili.com/bangumi/play/ss42602?theme=movie,2022年8月11日上映
3466,泉客行舟,https://www.bilibili.com/bangumi/play/ss42591?theme=movie,2022年8月11日上映
3467,Tertium quid,https://www.bilibili.com/bangumi/play/ss42589?theme=movie,2022年8月11日上映
3468,乌鸦与焰火,https://www.bilibili.com/bangumi/play/ss42588?theme=movie,2022年8月11日上映
3469,人人,https://www.bilibili.com/bangumi/play/ss42585?theme=movie,2022年8月11日上映
3470,地下室拍摄始末,https://www.bilibili.com/bangumi/play/ss42545?theme=movie,2022年8月11日上映
3471,茕茕白兔,https://www.bilibili.com/bangumi/play/ss42485?theme=movie,2022年8月4日上映
3473,再见了，我的十八岁,https://www.bilibili.com/bangumi/play/ss42434?theme=movie,2022年8月4日上映
3474,喜,https://www.bilibili.com/bangumi/play/ss42616?theme=movie,2022年8月11日上映
3475,山水间,https://www.bilibili.com/bangumi/play/ss42615?theme=movie,2022年8月11日上映
3477,红娘,https://www.bilibili.com/bangumi/play/ss42598?theme=movie,2022年8月11日上映
3479,竞选,https://www.bilibili.com/bangumi/play/ss42461?theme=movie,2022年8月4日上映
3480,桐乡没有艳情,https://www.bilibili.com/bangumi/play/ss42453?theme=movie,2022年8月4日上映
3481,奶牛三部曲,https://www.bilibili.com/bangumi/play/ss42581?theme=movie,2022年8月11日上映
3495,再见，棒棒,https://www.bilibili.com/bangumi/play/ss42594?theme=movie,2022年8月11日上映
3496,冬至,https://www.bilibili.com/bangumi/play/ss42632?theme=movie,2022年8月11日上映
3497,听他说,https://www.bilibili.com/bangumi/play/ss42630?theme=movie,2022年8月11日上映
3498,山脚,https://www.bilibili.com/bangumi/play/ss42623?theme=movie,2022年8月11日上映
3499,完美小孩,https://www.bilibili.com/bangumi/play/ss42619?theme=movie,2022年8月11日上映
3500,第七界,https://www.bilibili.com/bangumi/play/ss42612?theme=movie,2022年8月11日上映
3501,暮死朝生,https://www.bilibili.com/bangumi/play/ss42609?theme=movie,2022年8月11日上映
3502,将军,https://www.bilibili.com/bangumi/play/ss42596?theme=movie,2022年8月11日上映
3503,夜飚,https://www.bilibili.com/bangumi/play/ss42568?theme=movie,2022年8月11日上映
3504,青春住了谁,https://www.bilibili.com/bangumi/play/ss42444?theme=movie,2022年8月4日上映
3507,一粟,https://www.bilibili.com/bangumi/play/ss42628?theme=movie,2022年8月11日上映
3508,树,https://www.bilibili.com/bangumi/play/ss42625?theme=movie,2022年8月11日上映
3509,水库,https://www.bilibili.com/bangumi/play/ss42620?theme=movie,2022年8月11日上映
3510,如斯,https://www.bilibili.com/bangumi/play/ss42618?theme=movie,2022年8月11日上映
3511,错枪,https://www.bilibili.com/bangumi/play/ss42614?theme=movie,2022年8月11日上映
3512,夜已晚,https://www.bilibili.com/bangumi/play/ss42613?theme=movie,2022年8月11日上映
3513,火钳烫发,https://www.bilibili.com/bangumi/play/ss42611?theme=movie,2022年8月11日上映
3514,缝年,https://www.bilibili.com/bangumi/play/ss42610?theme=movie,2022年8月11日上映
3515,陈述,https://www.bilibili.com/bangumi/play/ss42608?theme=movie,2022年8月11日上映
3516,栗子糕,https://www.bilibili.com/bangumi/play/ss42664?theme=movie,2022年8月18日上映
3517,冷漠,https://www.bilibili.com/bangumi/play/ss42663?theme=movie,2022年8月18日上映
3518,祭灶,https://www.bilibili.com/bangumi/play/ss42662?theme=movie,2022年8月18日上映
3519,阿图快跑,https://www.bilibili.com/bangumi/play/ss42607?theme=movie,2022年8月11日上映
3520,等风来,https://www.bilibili.com/bangumi/play/ss42601?theme=movie,2022年8月11日上映
3521,纳西吾木,https://www.bilibili.com/bangumi/play/ss42599?theme=movie,2022年8月11日上映
3522,村落,https://www.bilibili.com/bangumi/play/ss42597?theme=movie,2022年8月11日上映
3523,黄土,https://www.bilibili.com/bangumi/play/ss42595?theme=movie,2022年8月11日上映
3524,一部鸿篇巨制的诞生,https://www.bilibili.com/bangumi/play/ss42441?theme=movie,2022年8月4日上映
3525,缝隙之外,https://www.bilibili.com/bangumi/play/ss42685?theme=movie,2022年8月18日上映
3526,持相机的猎手,https://www.bilibili.com/bangumi/play/ss42683?theme=movie,2022年8月18日上映
3527,在桑梓,https://www.bilibili.com/bangumi/play/ss42682?theme=movie,2022年8月18日上映
3528,口琴与手链,https://www.bilibili.com/bangumi/play/ss42678?theme=movie,2022年8月18日上映
3529,缚,https://www.bilibili.com/bangumi/play/ss42677?theme=movie,2022年8月18日上映
3530,环,https://www.bilibili.com/bangumi/play/ss42674?theme=movie,2022年8月18日上映
3531,卅,https://www.bilibili.com/bangumi/play/ss42671?theme=movie,2022年8月18日上映
3532,困在记忆里的木马,https://www.bilibili.com/bangumi/play/ss42670?theme=movie,2022年8月18日上映
3533,线的尽头就是家乡,https://www.bilibili.com/bangumi/play/ss42669?theme=movie,2022年8月18日上映
3534,“新”年,https://www.bilibili.com/bangumi/play/ss42668?theme=movie,2022年8月18日上映
3535,摆渡人,https://www.bilibili.com/bangumi/play/ss42667?theme=movie,2022年8月18日上映
3536,重生,https://www.bilibili.com/bangumi/play/ss42666?theme=movie,2022年8月18日上映
3537,若穗至,https://www.bilibili.com/bangumi/play/ss42691?theme=movie,2022年8月18日上映
3538,老太笼中,https://www.bilibili.com/bangumi/play/ss42690?theme=movie,2022年8月18日上映
3539,老爷保号,https://www.bilibili.com/bangumi/play/ss42689?theme=movie,2022年8月18日上映
3540,纸焰,https://www.bilibili.com/bangumi/play/ss42688?theme=movie,2022年8月18日上映
3541,空欢喜,https://www.bilibili.com/bangumi/play/ss42687?theme=movie,2022年8月18日上映
3542,拿手好戏,https://www.bilibili.com/bangumi/play/ss42686?theme=movie,2022年8月18日上映
3555,春去也,https://www.bilibili.com/bangumi/play/ss42816?theme=movie,2022年8月25日上映
3556,半知天命,https://www.bilibili.com/bangumi/play/ss42815?theme=movie,2022年8月25日上映
3557,老鹰捉小鸡,https://www.bilibili.com/bangumi/play/ss42769?theme=movie,2022年8月25日上映
3558,红米粿,https://www.bilibili.com/bangumi/play/ss42768?theme=movie,2022年8月25日上映
3559,忘忧,https://www.bilibili.com/bangumi/play/ss42767?theme=movie,2022年8月25日上映
3560,泺口摇摇晃晃,https://www.bilibili.com/bangumi/play/ss42814?theme=movie,2022年8月25日上映
3561,回嘉,https://www.bilibili.com/bangumi/play/ss42812?theme=movie,2022年8月25日上映
3562,我们与书的距离,https://www.bilibili.com/bangumi/play/ss42811?theme=movie,2022年8月25日上映
3563,迟暮武林,https://www.bilibili.com/bangumi/play/ss42810?theme=movie,2022年8月25日上映
3564,海的孩子,https://www.bilibili.com/bangumi/play/ss42808?theme=movie,2022年8月25日上映
3565,早餐,https://www.bilibili.com/bangumi/play/ss42807?theme=movie,2022年8月25日上映
3566,今天也要好好吃饭,https://www.bilibili.com/bangumi/play/ss42770?theme=movie,2022年8月25日上映
3567,那一天,https://www.bilibili.com/bangumi/play/ss42806?theme=movie,2022年8月25日上映
3568,响声,https://www.bilibili.com/bangumi/play/ss42805?theme=movie,2022年8月25日上映
3569,一根花绳,https://www.bilibili.com/bangumi/play/ss42803?theme=movie,2022年8月25日上映
3570,不要返航,https://www.bilibili.com/bangumi/play/ss42802?theme=movie,2022年8月25日上映
3571,一直向前,https://www.bilibili.com/bangumi/play/ss42801?theme=movie,2022年8月25日上映
3572,忽然之间,https://www.bilibili.com/bangumi/play/ss42800?theme=movie,2022年8月25日上映
3573,皆大欢喜,https://www.bilibili.com/bangumi/play/ss42799?theme=movie,2022年8月25日上映
3574,舞蹈鞋,https://www.bilibili.com/bangumi/play/ss42798?theme=movie,2022年8月25日上映
3575,火山群,https://www.bilibili.com/bangumi/play/ss42773?theme=movie,2022年8月25日上映
3576,别当作家,https://www.bilibili.com/bangumi/play/ss42772?theme=movie,2022年8月25日上映
3577,岸边父女,https://www.bilibili.com/bangumi/play/ss42771?theme=movie,2022年8月25日上映
3578,湖边漫溯,https://www.bilibili.com/bangumi/play/ss42797?theme=movie,2022年8月25日上映
3579,坠落,https://www.bilibili.com/bangumi/play/ss42796?theme=movie,2022年8月25日上映
3580,重逢,https://www.bilibili.com/bangumi/play/ss42795?theme=movie,2022年8月25日上映
3581,After Dark,https://www.bilibili.com/bangumi/play/ss42794?theme=movie,2022年8月25日上映
3582,大梦,https://www.bilibili.com/bangumi/play/ss42780?theme=movie,2022年8月25日上映
3583,Le:apeu！,https://www.bilibili.com/bangumi/play/ss42778?theme=movie,2022年8月25日上映
3584,存在感,https://www.bilibili.com/bangumi/play/ss42777?theme=movie,2022年8月25日上映
3585,无罪之罪,https://www.bilibili.com/bangumi/play/ss42775?theme=movie,2022年8月25日上映
3586,天价拍摄费,https://www.bilibili.com/bangumi/play/ss42774?theme=movie,2022年8月25日上映
3588,给现的有声简讯,https://www.bilibili.com/bangumi/play/ss42792?theme=movie,2022年8月25日上映
3589,一个关于爱情的故事,https://www.bilibili.com/bangumi/play/ss42791?theme=movie,2022年8月25日上映
3590,你一定可以,https://www.bilibili.com/bangumi/play/ss42790?theme=movie,2022年8月25日上映
3591,租来的车,https://www.bilibili.com/bangumi/play/ss42789?theme=movie,2022年8月25日上映
3592,夜的命名术,https://www.bilibili.com/bangumi/play/ss42788?theme=movie,2022年8月25日上映
3593,直到世界的尽头,https://www.bilibili.com/bangumi/play/ss42785?theme=movie,2022年8月25日上映
3594,听听那冷雨,https://www.bilibili.com/bangumi/play/ss42784?theme=movie,2022年8月25日上映
3595,南方伊甸,https://www.bilibili.com/bangumi/play/ss42783?theme=movie,2022年8月25日上映
3596,外卖与贼,https://www.bilibili.com/bangumi/play/ss42781?theme=movie,2022年8月25日上映
3597,此刻仍是江水混沌,https://www.bilibili.com/bangumi/play/ss42672?theme=movie,2022年8月18日上映
3598,三五成群,https://www.bilibili.com/bangumi/play/ss42604?theme=movie,2022年8月11日上映
3599,身边的“武林”,https://www.bilibili.com/bangumi/play/ss42898?theme=movie,2022年8月25日上映
3600,升温,https://www.bilibili.com/bangumi/play/ss42893?theme=movie,2022年8月25日上映
3601,瑞康里,https://www.bilibili.com/bangumi/play/ss42889?theme=movie,2022年8月25日上映
3602,野海,https://www.bilibili.com/bangumi/play/ss42851?theme=movie,2022年8月25日上映
3603,目击,https://www.bilibili.com/bangumi/play/ss42821?theme=movie,2022年8月25日上映
3604,双人床垫,https://www.bilibili.com/bangumi/play/ss42782?theme=movie,2022年8月25日上映
3607,姗姗来迟,https://www.bilibili.com/bangumi/play/ss42918?theme=movie,2022年8月26日上映
3620,只有夜知道,https://www.bilibili.com/bangumi/play/ss42946?theme=movie,2022年9月1日上映
3621,瓷胎竹编,https://www.bilibili.com/bangumi/play/ss42894?theme=movie,2022年8月25日上映
3622,我不是少年,https://www.bilibili.com/bangumi/play/ss42886?theme=movie,2022年8月25日上映
3623,你不必停下脚步,https://www.bilibili.com/bangumi/play/ss42959?theme=movie,2022年9月1日上映
3624,纸玫瑰,https://www.bilibili.com/bangumi/play/ss42958?theme=movie,2022年9月1日上映
3625,老有所依,https://www.bilibili.com/bangumi/play/ss42884?theme=movie,2022年8月25日上映
3626,路迭路,https://www.bilibili.com/bangumi/play/ss42879?theme=movie,2022年8月25日上映
3627,偶尔相忘,https://www.bilibili.com/bangumi/play/ss42878?theme=movie,2022年8月25日上映
3628,滔滔,https://www.bilibili.com/bangumi/play/ss42873?theme=movie,2022年8月25日上映
3629,我想要在春天发芽,https://www.bilibili.com/bangumi/play/ss42866?theme=movie,2022年8月25日上映
3630,跳着走回来,https://www.bilibili.com/bangumi/play/ss42863?theme=movie,2022年8月25日上映
3631,床太软了,https://www.bilibili.com/bangumi/play/ss42860?theme=movie,2022年8月25日上映
3632,直到那片草原为止,https://www.bilibili.com/bangumi/play/ss42855?theme=movie,2022年8月25日上映
3633,遗屋,https://www.bilibili.com/bangumi/play/ss42822?theme=movie,2022年8月25日上映
3634,森林广场,https://www.bilibili.com/bangumi/play/ss42817?theme=movie,2022年8月25日上映
3635,乖小孩,https://www.bilibili.com/bangumi/play/ss42850?theme=movie,2022年8月25日上映
3636,28日,https://www.bilibili.com/bangumi/play/ss42847?theme=movie,2022年8月25日上映
3637,泥化,https://www.bilibili.com/bangumi/play/ss42846?theme=movie,2022年8月25日上映
3638,两次死亡,https://www.bilibili.com/bangumi/play/ss42843?theme=movie,2022年8月25日上映
3639,她，不语,https://www.bilibili.com/bangumi/play/ss42842?theme=movie,2022年8月25日上映
3640,秋，河流，际遇,https://www.bilibili.com/bangumi/play/ss42838?theme=movie,2022年8月25日上映
3641,追寻明日的明日,https://www.bilibili.com/bangumi/play/ss42832?theme=movie,2022年8月25日上映
3642,系统/SYSTEM,https://www.bilibili.com/bangumi/play/ss42828?theme=movie,2022年8月25日上映
3643,PURSUE,https://www.bilibili.com/bangumi/play/ss42826?theme=movie,2022年8月25日上映
3644,小说,https://www.bilibili.com/bangumi/play/ss42825?theme=movie,2022年8月25日上映
3645,赛丁,https://www.bilibili.com/bangumi/play/ss42823?theme=movie,2022年8月25日上映
3646,水耀日,https://www.bilibili.com/bangumi/play/ss42960?theme=movie,2022年9月1日上映
3647,官宣,https://www.bilibili.com/bangumi/play/ss42952?theme=movie,2022年9月1日上映
3648,秋日不是弹琴日,https://www.bilibili.com/bangumi/play/ss42948?theme=movie,2022年9月1日上映
3649,半糖记,https://www.bilibili.com/bangumi/play/ss42945?theme=movie,2022年9月1日上映
3650,和谈,https://www.bilibili.com/bangumi/play/ss42943?theme=movie,2022年9月1日上映
3651,留意,https://www.bilibili.com/bangumi/play/ss42940?theme=movie,2022年9月1日上映
3652,插班生,https://www.bilibili.com/bangumi/play/ss42933?theme=movie,2022年9月1日上映
3653,羊肉,https://www.bilibili.com/bangumi/play/ss42931?theme=movie,2022年9月1日上映
3654,座位,https://www.bilibili.com/bangumi/play/ss42844?theme=movie,2022年8月25日上映
3655,鞋,https://www.bilibili.com/bangumi/play/ss42829?theme=movie,2022年8月25日上映
3656,当你老了,https://www.bilibili.com/bangumi/play/ss42813?theme=movie,2022年8月25日上映
3657,检讨,https://www.bilibili.com/bangumi/play/ss42950?theme=movie,2022年9月1日上映
3658,人间服务公司,https://www.bilibili.com/bangumi/play/ss42949?theme=movie,2022年9月1日上映
3659,阿莱,https://www.bilibili.com/bangumi/play/ss42939?theme=movie,2022年9月1日上映
3660,我家来了只兔子,https://www.bilibili.com/bangumi/play/ss42935?theme=movie,2022年9月1日上映
3661,初潮,https://www.bilibili.com/bangumi/play/ss42932?theme=movie,2022年9月1日上映
3662,长歌河,https://www.bilibili.com/bangumi/play/ss42892?theme=movie,2022年8月25日上映
3663,哪一位上帝能原谅我们,https://www.bilibili.com/bangumi/play/ss42872?theme=movie,2022年8月25日上映
3664,高中教师,https://www.bilibili.com/bangumi/play/ss42853?theme=movie,2022年8月25日上映
3665,驶向章鱼花园,https://www.bilibili.com/bangumi/play/ss42827?theme=movie,2022年8月25日上映
3666,游园,https://www.bilibili.com/bangumi/play/ss42793?theme=movie,2022年8月25日上映
3680,十一点搭乘我的船,https://www.bilibili.com/bangumi/play/ss42953?theme=movie,2022年9月1日上映
3681,桥,https://www.bilibili.com/bangumi/play/ss42951?theme=movie,2022年9月1日上映
3682,友谊,https://www.bilibili.com/bangumi/play/ss42944?theme=movie,2022年9月1日上映
3683,望子成龙,https://www.bilibili.com/bangumi/play/ss42934?theme=movie,2022年9月1日上映
3684,云深杜康·羌遗马槽,https://www.bilibili.com/bangumi/play/ss42900?theme=movie,2022年8月25日上映
3685,沙市女儿,https://www.bilibili.com/bangumi/play/ss42899?theme=movie,2022年8月25日上映
3686,没关系，华姐,https://www.bilibili.com/bangumi/play/ss42897?theme=movie,2022年8月25日上映
3687,扁担长扁担宽,https://www.bilibili.com/bangumi/play/ss42896?theme=movie,2022年8月25日上映
3688,索朗热登,https://www.bilibili.com/bangumi/play/ss42891?theme=movie,2022年8月25日上映
3689,况且你听,https://www.bilibili.com/bangumi/play/ss42890?theme=movie,2022年8月25日上映
3690,和解,https://www.bilibili.com/bangumi/play/ss42887?theme=movie,2022年8月25日上映
3691,泥融飞燕子,https://www.bilibili.com/bangumi/play/ss42885?theme=movie,2022年8月25日上映
3692,交易,https://www.bilibili.com/bangumi/play/ss42883?theme=movie,2022年8月25日上映
3693,梅知仪,https://www.bilibili.com/bangumi/play/ss42882?theme=movie,2022年8月25日上映
3694,插曲,https://www.bilibili.com/bangumi/play/ss42881?theme=movie,2022年8月25日上映
3695,迹忆,https://www.bilibili.com/bangumi/play/ss42880?theme=movie,2022年8月25日上映
3696,垃圾,https://www.bilibili.com/bangumi/play/ss42877?theme=movie,2022年8月25日上映
3697,烟花,https://www.bilibili.com/bangumi/play/ss42875?theme=movie,2022年8月25日上映
3698,寻找崔英宝,https://www.bilibili.com/bangumi/play/ss42871?theme=movie,2022年8月25日上映
3699,无言辄去,https://www.bilibili.com/bangumi/play/ss42869?theme=movie,2022年8月25日上映
3700,她的山,https://www.bilibili.com/bangumi/play/ss42809?theme=movie,2022年8月25日上映
3701,咏叹海,https://www.bilibili.com/bangumi/play/ss42865?theme=movie,2022年8月25日上映
3702,幕后,https://www.bilibili.com/bangumi/play/ss42864?theme=movie,2022年8月25日上映
3703,降落,https://www.bilibili.com/bangumi/play/ss42862?theme=movie,2022年8月25日上映
3704,非计时驿站,https://www.bilibili.com/bangumi/play/ss42834?theme=movie,2022年8月25日上映
3705,香蕉之死,https://www.bilibili.com/bangumi/play/ss42833?theme=movie,2022年8月25日上映
3706,李特曼,https://www.bilibili.com/bangumi/play/ss42830?theme=movie,2022年8月25日上映
3707,远光灯,https://www.bilibili.com/bangumi/play/ss42820?theme=movie,2022年8月25日上映
3708,C哥,https://www.bilibili.com/bangumi/play/ss42819?theme=movie,2022年8月25日上映
3709,现在你听,https://www.bilibili.com/bangumi/play/ss42818?theme=movie,2022年8月25日上映
3710,破碎星球,https://www.bilibili.com/bangumi/play/ss42776?theme=movie,2022年8月25日上映
3711,连岛,https://www.bilibili.com/bangumi/play/ss42633?theme=movie,2022年8月11日上映
3712,未来算法,https://www.bilibili.com/bangumi/play/ss42605?theme=movie,2022年8月11日上映
3713,找海,https://www.bilibili.com/bangumi/play/ss42437?theme=movie,2022年8月4日上映
3714,迷图,https://www.bilibili.com/bangumi/play/ss42857?theme=movie,2022年8月25日上映
3715,暖夜,https://www.bilibili.com/bangumi/play/ss42856?theme=movie,2022年8月25日上映
3716,在晚风,https://www.bilibili.com/bangumi/play/ss42854?theme=movie,2022年8月25日上映
3717,改变,https://www.bilibili.com/bangumi/play/ss42849?theme=movie,2022年8月25日上映
3718,我看见了昨天,https://www.bilibili.com/bangumi/play/ss42848?theme=movie,2022年8月25日上映
3719,负界,https://www.bilibili.com/bangumi/play/ss42845?theme=movie,2022年8月25日上映
3720,苹果,https://www.bilibili.com/bangumi/play/ss42841?theme=movie,2022年8月25日上映
3721,婚礼葬礼,https://www.bilibili.com/bangumi/play/ss42840?theme=movie,2022年8月25日上映
3722,午夜俱乐部,https://www.bilibili.com/bangumi/play/ss42839?theme=movie,2022年8月25日上映
3723,戒网瘾学校,https://www.bilibili.com/bangumi/play/ss42837?theme=movie,2022年8月25日上映
3724,以眼杀人,https://www.bilibili.com/bangumi/play/ss42835?theme=movie,2022年8月25日上映
3725,海岛十二月,https://www.bilibili.com/bangumi/play/ss42786?theme=movie,2022年8月25日上映
3726,真情烂人,https://www.bilibili.com/bangumi/play/ss42868?theme=movie,2022年8月25日上映
3727,泡泡鱼,https://www.bilibili.com/bangumi/play/ss42859?theme=movie,2022年8月25日上映
3728,剧场关门之后,https://www.bilibili.com/bangumi/play/ss42787?theme=movie,2022年8月25日上映
3730,隔离33天,https://www.bilibili.com/bangumi/play/ss42439?theme=movie,2022年8月4日上映
3757,二十乘二,https://www.bilibili.com/bangumi/play/ss43096?theme=movie,2022年9月20日上映
3758,酿,https://www.bilibili.com/bangumi/play/ss43095?theme=movie,2022年9月20日上映
3759,冬去春来,https://www.bilibili.com/bangumi/play/ss43094?theme=movie,2022年9月20日上映
3760,兔子乖乖,https://www.bilibili.com/bangumi/play/ss43093?theme=movie,2022年9月20日上映
3761,忽日格,https://www.bilibili.com/bangumi/play/ss43098?theme=movie,2022年9月20日上映
3762,一个关于妈妈初恋的秘密,https://www.bilibili.com/bangumi/play/ss43097?theme=movie,2022年9月20日上映
3838,歧路父子,https://www.bilibili.com/bangumi/play/ss43609?theme=movie,2022年10月26日上映
3839,墟声,https://www.bilibili.com/bangumi/play/ss43608?theme=movie,2022年10月26日上映
3840,最后一场放映,https://www.bilibili.com/bangumi/play/ss43598?theme=movie,2022年10月26日上映
3841,三尺芳华,https://www.bilibili.com/bangumi/play/ss43596?theme=movie,2022年10月26日上映
3842,功夫烧烤,https://www.bilibili.com/bangumi/play/ss43589?theme=movie,2022年10月26日上映
3843,破局,https://www.bilibili.com/bangumi/play/ss43587?theme=movie,2022年10月26日上映
3844,雾散以后,https://www.bilibili.com/bangumi/play/ss43586?theme=movie,2022年10月26日上映
3845,因果,https://www.bilibili.com/bangumi/play/ss43585?theme=movie,2022年10月26日上映
3850,独家报道,https://www.bilibili.com/bangumi/play/ss43607?theme=movie,2022年10月27日上映
3851,草原之狼,https://www.bilibili.com/bangumi/play/ss43601?theme=movie,2022年10月27日上映
3852,望诗归,https://www.bilibili.com/bangumi/play/ss43600?theme=movie,2022年10月27日上映
3853,你好，明天,https://www.bilibili.com/bangumi/play/ss43595?theme=movie,2022年10月27日上映
3854,淘汰,https://www.bilibili.com/bangumi/play/ss43594?theme=movie,2022年10月27日上映
3855,抵抗者,https://www.bilibili.com/bangumi/play/ss43590?theme=movie,2022年10月27日上映
3887,IRIS,https://www.bilibili.com/bangumi/play/ss42501?theme=movie,2022年8月4日上映
3888,大有,https://www.bilibili.com/bangumi/play/ss42502?theme=movie,2022年8月4日上映
3889,邪神祭,https://www.bilibili.com/bangumi/play/ss42500?theme=movie,2022年8月4日上映
3890,老鼠,https://www.bilibili.com/bangumi/play/ss42499?theme=movie,2022年8月4日上映
3891,滞梦,https://www.bilibili.com/bangumi/play/ss42498?theme=movie,2022年8月4日上映
3892,伞下,https://www.bilibili.com/bangumi/play/ss42414?theme=movie,2022年8月4日上映
3905,A5,https://www.bilibili.com/bangumi/play/ss42481?theme=movie,2022年8月4日上映
3906,小陈的世界,https://www.bilibili.com/bangumi/play/ss42476?theme=movie,2022年8月4日上映
3907,陌路同途,https://www.bilibili.com/bangumi/play/ss42467?theme=movie,2022年8月4日上映
3908,棒球父子兵,https://www.bilibili.com/bangumi/play/ss42432?theme=movie,2022年8月4日上映
3909,独春天,https://www.bilibili.com/bangumi/play/ss42429?theme=movie,2022年8月4日上映
3910,拖车人生,https://www.bilibili.com/bangumi/play/ss42426?theme=movie,2022年8月4日上映
3923,夜的怪物,https://www.bilibili.com/bangumi/play/ss42574?theme=movie,2022年8月11日上映
3924,咪侬,https://www.bilibili.com/bangumi/play/ss42424?theme=movie,2022年8月4日上映
3925,魔巴扎多,https://www.bilibili.com/bangumi/play/ss42422?theme=movie,2022年8月4日上映
3927,像钢铁般的男子,https://www.bilibili.com/bangumi/play/ss42681?theme=movie,2022年8月18日上映
3928,醒着Awake,https://www.bilibili.com/bangumi/play/ss42584?theme=movie,2022年8月11日上映
3929,筒子楼,https://www.bilibili.com/bangumi/play/ss42430?theme=movie,2022年8月4日上映
3940,加班，见鬼了,https://www.bilibili.com/bangumi/play/ss43874?theme=movie,2021年9月25日上映
3941,繁星,https://www.bilibili.com/bangumi/play/ss43884?theme=movie,2022年9月25日上映
3942,飞翔的马拉糕,https://www.bilibili.com/bangumi/play/ss43882?theme=movie,2022年9月25日上映
3943,星夜归途,https://www.bilibili.com/bangumi/play/ss43881?theme=movie,2022年9月25日上映
3944,山神,https://www.bilibili.com/bangumi/play/ss43876?theme=movie,2022年9月25日上映
3974,天使环,https://www.bilibili.com/bangumi/play/ss43878?theme=movie,2022年12月29日上映
3975,孕产检查,https://www.bilibili.com/bangumi/play/ss43877?theme=movie,2022年12月29日上映
3976,阿迪力和他的火星朋友,https://www.bilibili.com/bangumi/play/ss43875?theme=movie,2022年12月29日上映
3977,蒙太奇,https://www.bilibili.com/bangumi/play/ss43873?theme=movie,2022年12月29日上映
3978,文明的恩赐,https://www.bilibili.com/bangumi/play/ss44469?theme=movie,2022年12月29日上映
3979,异星来电,https://www.bilibili.com/bangumi/play/ss44461?theme=movie,2022年12月29日上映
3980,鲁伯7号,https://www.bilibili.com/bangumi/play/ss44460?theme=movie,2022年12月29日上映
3981,橄榄星球,https://www.bilibili.com/bangumi/play/ss44459?theme=movie,2022年12月29日上映
3982,保护者,https://www.bilibili.com/bangumi/play/ss44448?theme=movie,2022年12月29日上映
3983,星期五,https://www.bilibili.com/bangumi/play/ss44447?theme=movie,2022年12月29日上映
3985,诞辰,https://www.bilibili.com/bangumi/play/ss43883?theme=movie,2022年12月29日上映
3986,灵魂伴侣,https://www.bilibili.com/bangumi/play/ss43880?theme=movie,2022年12月29日上映
3987,人体快递,https://www.bilibili.com/bangumi/play/ss43879?theme=movie,2022年12月29日上映
3990,归处,https://www.bilibili.com/bangumi/play/ss44442?theme=movie,2022年12月29日上映
3992,镜·我,https://www.bilibili.com/bangumi/play/ss44440?theme=movie,2022年12月29日上映
3993,独守太空,https://www.bilibili.com/bangumi/play/ss44437?theme=movie,2022年12月29日上映
3994,无穷尽,https://www.bilibili.com/bangumi/play/ss44436?theme=movie,2022年12月29日上映
3995,伊人余影,https://www.bilibili.com/bangumi/play/ss44435?theme=movie,2022年12月29日上映
3996,永世方舟,https://www.bilibili.com/bangumi/play/ss44434?theme=movie,2022年12月29日上映
4041,少年梦之夏,https://www.bilibili.com/bangumi/play/ss44546?theme=movie,2023年1月17日上映
4042,日月同辉,https://www.bilibili.com/bangumi/play/ss44544?theme=movie,2023年1月17日上映
4043,紫娃,https://www.bilibili.com/bangumi/play/ss44543?theme=movie,2023年1月17日上映
4044,父母爱情,https://www.bilibili.com/bangumi/play/ss44542?theme=movie,2023年1月17日上映
4045,我叫成蛟龙,https://www.bilibili.com/bangumi/play/ss44541?theme=movie,2023年1月17日上映
4046,五好大院,https://www.bilibili.com/bangumi/play/ss44540?theme=movie,2023年1月17日上映
4047,长河落日,https://www.bilibili.com/bangumi/play/ss44539?theme=movie,2023年1月17日上映
4048,梅子青时,https://www.bilibili.com/bangumi/play/ss44537?theme=movie,2023年1月17日上映
4050,触不可及,https://www.bilibili.com/bangumi/play/ss44547?theme=movie,2023年1月17日上映
4051,唱采茶,https://www.bilibili.com/bangumi/play/ss43606?theme=movie,2023年1月17日上映
4052,蓝色潮落,https://www.bilibili.com/bangumi/play/ss43599?theme=movie,2023年1月17日上映
4053,RILEY,https://www.bilibili.com/bangumi/play/ss43597?theme=movie,2023年1月17日上映
4054,朵妹,https://www.bilibili.com/bangumi/play/ss43593?theme=movie,2023年1月17日上映
4055,追击者,https://www.bilibili.com/bangumi/play/ss43592?theme=movie,2023年1月17日上映
4056,杀鸡,https://www.bilibili.com/bangumi/play/ss43588?theme=movie,2023年1月17日上映
4289,鹿往何方,https://www.bilibili.com/bangumi/play/ss44927?theme=movie,2023年4月19日上映
4290,船·承,https://www.bilibili.com/bangumi/play/ss44926?theme=movie,2023年4月19日上映
4291,狮岭夏日,https://www.bilibili.com/bangumi/play/ss44925?theme=movie,2023年4月19日上映
4292,树，不能死,https://www.bilibili.com/bangumi/play/ss44924?theme=movie,2023年4月19日上映
4296,公交牌椰汁,https://www.bilibili.com/bangumi/play/ss44920?theme=movie,2023年4月19日上映
4297,后羿射日,https://www.bilibili.com/bangumi/play/ss44949?theme=movie,2023年4月19日上映
4298,深度唤醒,https://www.bilibili.com/bangumi/play/ss44936?theme=movie,2023年4月19日上映
4299,荼靡,https://www.bilibili.com/bangumi/play/ss44935?theme=movie,2023年4月19日上映
4300,城市人的猜想,https://www.bilibili.com/bangumi/play/ss44934?theme=movie,2023年4月19日上映
4301,灼夏,https://www.bilibili.com/bangumi/play/ss44933?theme=movie,2023年4月19日上映
4302,沁,https://www.bilibili.com/bangumi/play/ss44932?theme=movie,2023年4月19日上映
4303,对窗,https://www.bilibili.com/bangumi/play/ss44931?theme=movie,2023年4月19日上映
4304,动画人的焦虑日常,https://www.bilibili.com/bangumi/play/ss44930?theme=movie,2023年4月19日上映
4305,Busy Day,https://www.bilibili.com/bangumi/play/ss44929?theme=movie,2023年4月19日上映
4306,为什么留鸟会飞离海岸,https://www.bilibili.com/bangumi/play/ss44928?theme=movie,2023年4月19日上映
4385,你的快递是这么丢的,https://www.bilibili.com/bangumi/play/ss45097?theme=movie,2023年5月12日上映
4437,微风吹过撒欢谷,https://www.bilibili.com/bangumi/play/ss45291?theme=movie,2023年5月25日上映
4496,Tamino,https://www.bilibili.com/bangumi/play/ss45401?theme=movie,2023年6月10日上映
4497,郊游,https://www.bilibili.com/bangumi/play/ss45384?theme=movie,2023年6月10日上映
4498,唤醒石头里存在的生命,https://www.bilibili.com/bangumi/play/ss45383?theme=movie,2023年6月10日上映
4499,海边晚餐,https://www.bilibili.com/bangumi/play/ss45381?theme=movie,2023年6月10日上映
4500,洞天,https://www.bilibili.com/bangumi/play/ss45379?theme=movie,2023年6月10日上映
4501,冬奥会上的中国声音,https://www.bilibili.com/bangumi/play/ss45377?theme=movie,2023年6月10日上映
4502,别梦,https://www.bilibili.com/bangumi/play/ss45376?theme=movie,2023年6月10日上映
4503,桥洞画家吴大村,https://www.bilibili.com/bangumi/play/ss45413?theme=movie,2023年6月10日上映
4504,遥远的距离,https://www.bilibili.com/bangumi/play/ss45412?theme=movie,2023年6月10日上映
4505,星期五晚上的胡萝卜,https://www.bilibili.com/bangumi/play/ss45411?theme=movie,2023年6月10日上映
4506,新掌门—驭风之日,https://www.bilibili.com/bangumi/play/ss45410?theme=movie,2023年6月10日上映
4507,相忘,https://www.bilibili.com/bangumi/play/ss45408?theme=movie,2023年6月10日上映
4508,我们的2023333,https://www.bilibili.com/bangumi/play/ss45407?theme=movie,2023年6月10日上映
4509,望天水,https://www.bilibili.com/bangumi/play/ss45405?theme=movie,2023年6月10日上映
4510,晚高峰,https://www.bilibili.com/bangumi/play/ss45404?theme=movie,2023年6月10日上映
4511,鱼惘,https://www.bilibili.com/bangumi/play/ss45417?theme=movie,2023年6月10日上映
4512,银飞路普,https://www.bilibili.com/bangumi/play/ss45416?theme=movie,2023年6月10日上映
4513,一壶水的时间,https://www.bilibili.com/bangumi/play/ss45414?theme=movie,2023年6月10日上映
4514,那山那园,https://www.bilibili.com/bangumi/play/ss45394?theme=movie,2023年6月10日上映
4515,明日恐惧症,https://www.bilibili.com/bangumi/play/ss45392?theme=movie,2023年6月10日上映
4516,棉芯,https://www.bilibili.com/bangumi/play/ss45391?theme=movie,2023年6月10日上映
4519,马可菠萝瓶的返乡奇遇,https://www.bilibili.com/bangumi/play/ss45387?theme=movie,2023年6月10日上映
4520,玉米的歌声,https://www.bilibili.com/bangumi/play/ss45418?theme=movie,2023年6月10日上映
4521,The Great Connection,https://www.bilibili.com/bangumi/play/ss45402?theme=movie,2023年6月10日上映
4522,她的距离,https://www.bilibili.com/bangumi/play/ss45400?theme=movie,2023年6月10日上映
4523,生机卯发,https://www.bilibili.com/bangumi/play/ss45399?theme=movie,2023年6月10日上映
4524,Save Our Species,https://www.bilibili.com/bangumi/play/ss45398?theme=movie,2023年6月10日上映
4525,日出原理,https://www.bilibili.com/bangumi/play/ss45397?theme=movie,2023年6月10日上映
4526,人生何处不相逢,https://www.bilibili.com/bangumi/play/ss45396?theme=movie,2023年6月10日上映
4529,一掌雪,https://www.bilibili.com/bangumi/play/ss45415?theme=movie,2023年6月10日上映
4530,蓝色毛球,https://www.bilibili.com/bangumi/play/ss45386?theme=movie,2023年6月10日上映
4531,界,https://www.bilibili.com/bangumi/play/ss45385?theme=movie,2023年6月10日上映
4532,后来,https://www.bilibili.com/bangumi/play/ss45382?theme=movie,2023年6月10日上映
4533,过过过年,https://www.bilibili.com/bangumi/play/ss45380?theme=movie,2023年6月10日上映
4534,冬日追逐,https://www.bilibili.com/bangumi/play/ss45378?theme=movie,2023年6月10日上映
4535,+70,https://www.bilibili.com/bangumi/play/ss45373?theme=movie,2023年6月10日上映
4731,送子旅店,https://www.bilibili.com/bangumi/play/ss43202?theme=movie,2023年9月11日上映
4732,如吾的夏天,https://www.bilibili.com/bangumi/play/ss43201?theme=movie,2023年9月11日上映
4733,皮影，电影和快手,https://www.bilibili.com/bangumi/play/ss43200?theme=movie,2023年9月11日上映
4734,捉刀人,https://www.bilibili.com/bangumi/play/ss43199?theme=movie,2023年9月11日上映
4735,In love,https://www.bilibili.com/bangumi/play/ss43198?theme=movie,2023年9月11日上映
4736,寄生,https://www.bilibili.com/bangumi/play/ss43197?theme=movie,2023年9月11日上映
4737,保持飞行,https://www.bilibili.com/bangumi/play/ss43208?theme=movie,2023年9月11日上映
4738,莫莉,https://www.bilibili.com/bangumi/play/ss43207?theme=movie,2023年9月11日上映
4739,缄默,https://www.bilibili.com/bangumi/play/ss43206?theme=movie,2023年9月11日上映
4740,宽窄桂花巷,https://www.bilibili.com/bangumi/play/ss43205?theme=movie,2023年9月11日上映
4741,最后的藤叶,https://www.bilibili.com/bangumi/play/ss43214?theme=movie,2023年9月11日上映
4742,微风和煦,https://www.bilibili.com/bangumi/play/ss43212?theme=movie,2023年9月11日上映
4743,越南公婆上巴黎,https://www.bilibili.com/bangumi/play/ss43211?theme=movie,2023年9月11日上映
4744,黄真真的演讲,https://www.bilibili.com/bangumi/play/ss43210?theme=movie,2023年9月11日上映
4745,临夏西顾,https://www.bilibili.com/bangumi/play/ss43216?theme=movie,2023年9月11日上映
4746,莜面窝窝,https://www.bilibili.com/bangumi/play/ss43215?theme=movie,2023年9月11日上映
4747,小寒,https://www.bilibili.com/bangumi/play/ss43213?theme=movie,2023年9月11日上映
4748,钝器锋利,https://www.bilibili.com/bangumi/play/ss43209?theme=movie,2023年9月11日上映
4749,遗孤,https://www.bilibili.com/bangumi/play/ss43196?theme=movie,2020年8月1日上映
4750,打烂你的摄影机,https://www.bilibili.com/bangumi/play/ss43223?theme=movie,2023年9月11日上映
4751,远山的河,https://www.bilibili.com/bangumi/play/ss43222?theme=movie,2023年9月11日上映
4752,白的云，蓝的天,https://www.bilibili.com/bangumi/play/ss43221?theme=movie,2023年9月11日上映
4753,雾霭覆土,https://www.bilibili.com/bangumi/play/ss43218?theme=movie,2023年9月11日上映
4754,乐土,https://www.bilibili.com/bangumi/play/ss43217?theme=movie,2023年9月11日上映
4755,风吹半扇窗,https://www.bilibili.com/bangumi/play/ss43286?theme=movie,2023年9月11日上映
4756,阿月与阿英,https://www.bilibili.com/bangumi/play/ss43230?theme=movie,2023年9月11日上映
4757,黯淡星,https://www.bilibili.com/bangumi/play/ss43229?theme=movie,2023年9月11日上映
4758,金砂朱古力,https://www.bilibili.com/bangumi/play/ss43227?theme=movie,2023年9月11日上映
4759,蓝屿往事,https://www.bilibili.com/bangumi/play/ss43226?theme=movie,2023年9月11日上映
4760,秘密,https://www.bilibili.com/bangumi/play/ss43238?theme=movie,2020年1月1日上映
4761,我的朋友王秀枝女士,https://www.bilibili.com/bangumi/play/ss43234?theme=movie,2022年7月1日上映
4762,壳,https://www.bilibili.com/bangumi/play/ss43233?theme=movie,2023年9月11日上映
4763,挂失,https://www.bilibili.com/bangumi/play/ss43232?theme=movie,2023年9月11日上映
4764,冬日订正,https://www.bilibili.com/bangumi/play/ss43231?theme=movie,2023年9月11日上映
4765,双轮之上,https://www.bilibili.com/bangumi/play/ss43243?theme=movie,2023年9月11日上映
4766,守书人,https://www.bilibili.com/bangumi/play/ss43242?theme=movie,2023年9月11日上映
4767,上岸,https://www.bilibili.com/bangumi/play/ss43241?theme=movie,2023年9月11日上映
4768,沙县什么好吃,https://www.bilibili.com/bangumi/play/ss43240?theme=movie,2023年9月11日上映
4769,平原上的娜拉,https://www.bilibili.com/bangumi/play/ss43239?theme=movie,2023年9月11日上映
4770,ERGE,https://www.bilibili.com/bangumi/play/ss43612?theme=movie,2023年9月11日上映
4771,Ade,https://www.bilibili.com/bangumi/play/ss43247?theme=movie,2023年9月11日上映
4772,永无尽头的长街,https://www.bilibili.com/bangumi/play/ss43246?theme=movie,2023年9月11日上映
4773,妄,https://www.bilibili.com/bangumi/play/ss43245?theme=movie,2023年9月11日上映
4774,逃跑父亲,https://www.bilibili.com/bangumi/play/ss43244?theme=movie,2023年9月11日上映
4776,坠落夜空,https://www.bilibili.com/bangumi/play/ss43621?theme=movie,2023年9月11日上映
4777,冰爽西瓜,https://www.bilibili.com/bangumi/play/ss43613?theme=movie,2023年9月11日上映
4778,咫尺之间,https://www.bilibili.com/bangumi/play/ss43236?theme=movie,2023年5月12日上映
4782,昆丁布雷克的小丑,https://www.bilibili.com/bangumi/play/ss42541?theme=movie,2020年1月1日上映
4964,桑榆暮影,https://www.bilibili.com/bangumi/play/ss46559?theme=movie,2023年11月10日上映
4965,再见，王家满,https://www.bilibili.com/bangumi/play/ss46558?theme=movie,2023年11月10日上映
4966,日南至,https://www.bilibili.com/bangumi/play/ss46556?theme=movie,2023年11月10日上映
4981,口腔溃疡,https://www.bilibili.com/bangumi/play/ss46562?theme=movie,2023年11月10日上映
4990,逢春,https://www.bilibili.com/bangumi/play/ss46566?theme=movie,2023年11月10日上映
4992,顶多七天,https://www.bilibili.com/bangumi/play/ss46564?theme=movie,2023年11月10日上映
4993,恋人絮语,https://www.bilibili.com/bangumi/play/ss46563?theme=movie,2023年11月10日上映
5009,DUST,https://www.bilibili.com/bangumi/play/ss46570?theme=movie,2023年11月10日上映
5010,伴侣,https://www.bilibili.com/bangumi/play/ss46567?theme=movie,2023年11月10日上映
5015,120,https://www.bilibili.com/bangumi/play/ss46574?theme=movie,2023年11月10日上映
5016,明日往事,https://www.bilibili.com/bangumi/play/ss46573?theme=movie,2023年11月10日上映
5017,夜的综合征,https://www.bilibili.com/bangumi/play/ss46572?theme=movie,2023年11月10日上映
5018,月食日,https://www.bilibili.com/bangumi/play/ss46571?theme=movie,2023年11月10日上映
5032,海上漂泊的云,https://www.bilibili.com/bangumi/play/ss46578?theme=movie,2023年11月10日上映
5033,新年快乐,https://www.bilibili.com/bangumi/play/ss46577?theme=movie,2023年11月10日上映
5034,局,https://www.bilibili.com/bangumi/play/ss46576?theme=movie,2023年11月10日上映
5035,冲喜,https://www.bilibili.com/bangumi/play/ss46575?theme=movie,2023年11月10日上映
5041,路,https://www.bilibili.com/bangumi/play/ss46579?theme=movie,2023年11月10日上映
5042,桃花扇,https://www.bilibili.com/bangumi/play/ss46582?theme=movie,2023年11月10日上映
5043,风雪山神庙,https://www.bilibili.com/bangumi/play/ss46581?theme=movie,2023年11月10日上映
5044,年,https://www.bilibili.com/bangumi/play/ss46580?theme=movie,2023年11月10日上映
5057,呼呼,https://www.bilibili.com/bangumi/play/ss46584?theme=movie,2023年11月10日上映
5535,出口,https://www.bilibili.com/bangumi/play/ss47929?theme=movie,2024年6月14日上映
5536,9076号档案,https://www.bilibili.com/bangumi/play/ss47928?theme=movie,2024年6月14日上映
5537,后会有期,https://www.bilibili.com/bangumi/play/ss47938?theme=movie,2024年6月14日上映
5539,帆影漫舞,https://www.bilibili.com/bangumi/play/ss47936?theme=movie,2024年6月14日上映
5540,父辈的梦想,https://www.bilibili.com/bangumi/play/ss47935?theme=movie,2024年6月14日上映
5541,FATHER,https://www.bilibili.com/bangumi/play/ss47934?theme=movie,2024年6月14日上映
5542,东坡时节,https://www.bilibili.com/bangumi/play/ss47933?theme=movie,2024年6月14日上映
5543,当时只道是寻常,https://www.bilibili.com/bangumi/play/ss47932?theme=movie,2024年6月14日上映
5544,春回又春,https://www.bilibili.com/bangumi/play/ss47930?theme=movie,2024年6月14日上映
5545,最后一支舞,https://www.bilibili.com/bangumi/play/ss47973?theme=movie,2024年6月14日上映
5548,金子,https://www.bilibili.com/bangumi/play/ss47940?theme=movie,2024年6月14日上映
5549,黄粱,https://www.bilibili.com/bangumi/play/ss47939?theme=movie,2024年6月14日上映
5550,一切,https://www.bilibili.com/bangumi/play/ss47970?theme=movie,2024年6月14日上映
5551,一,https://www.bilibili.com/bangumi/play/ss47969?theme=movie,2024年6月14日上映
5552,休,https://www.bilibili.com/bangumi/play/ss47967?theme=movie,2024年6月14日上映
5554,口琴,https://www.bilibili.com/bangumi/play/ss47942?theme=movie,2024年6月14日上映
5555,精卫填海,https://www.bilibili.com/bangumi/play/ss47941?theme=movie,2024年6月14日上映
5556,心源,https://www.bilibili.com/bangumi/play/ss47964?theme=movie,2024年6月14日上映
5557,小诗人,https://www.bilibili.com/bangumi/play/ss47963?theme=movie,2024年6月14日上映
5558,舞祀,https://www.bilibili.com/bangumi/play/ss47962?theme=movie,2024年6月14日上映
5559,土生巴迪克：文化融合,https://www.bilibili.com/bangumi/play/ss47961?theme=movie,2024年6月14日上映
5560,太阳雨,https://www.bilibili.com/bangumi/play/ss47960?theme=movie,2024年6月14日上映
5561,她/他,https://www.bilibili.com/bangumi/play/ss47959?theme=movie,2024年6月14日上映
5562,蓝蓝的天上白云飘,https://www.bilibili.com/bangumi/play/ss47944?theme=movie,2024年6月14日上映
5565,她的画布,https://www.bilibili.com/bangumi/play/ss47958?theme=movie,2024年6月14日上映
5566,THE LIGHTER JOKE,https://www.bilibili.com/bangumi/play/ss47957?theme=movie,2024年6月14日上映
5567,THE ISLAND,https://www.bilibili.com/bangumi/play/ss47955?theme=movie,2024年6月14日上映
5568,THE ETERNAL QUESTION,https://www.bilibili.com/bangumi/play/ss47954?theme=movie,2024年6月14日上映
5569,手,https://www.bilibili.com/bangumi/play/ss47953?theme=movie,2024年6月14日上映
5570,穆桂英挂帅,https://www.bilibili.com/bangumi/play/ss47946?theme=movie,2024年6月14日上映
5571,龙门,https://www.bilibili.com/bangumi/play/ss47945?theme=movie,2024年6月14日上映
5572,收银台,https://www.bilibili.com/bangumi/play/ss47952?theme=movie,2024年6月14日上映
5573,失眠症,https://www.bilibili.com/bangumi/play/ss47951?theme=movie,2024年6月14日上映
5574,浅蓝的岸,https://www.bilibili.com/bangumi/play/ss47950?theme=movie,2024年6月14日上映
5575,骑到AI背上去,https://www.bilibili.com/bangumi/play/ss47949?theme=movie,2024年6月14日上映
5577,当男人怀疑时,https://www.bilibili.com/bangumi/play/ss47931?theme=movie,2024年6月14日上映
5578,新掌门 天地帷幕,https://www.bilibili.com/bangumi/play/ss47965?theme=movie,2024年6月14日上映
5579,宣誓！宣誓！,https://www.bilibili.com/bangumi/play/ss47968?theme=movie,2024年6月14日上映
5585,ORR,https://www.bilibili.com/bangumi/play/ss47947?theme=movie,2024年6月14日上映
